<?xml version="1.0" encoding="UTF-8" ?>
<feedback>
  <report_metadata>
    <org_name>google.com</org_name>
    <email>noreply-dmarc-support@google.com</email>
    <extra_contact_info>https://support.google.com/a/answer/2466580</extra_contact_info>
    <report_id>2235546393777050178</report_id>
    <date_range>
      <begin>1578614400</begin>
      <end>1578700799</end>
    </date_range>
  </report_metadata>
  <policy_published>
    <domain>isnsc.com</domain>
    <adkim>r</adkim>
    <aspf>r</aspf>
    <p>none</p>
    <sp>none</sp>
    <pct>100</pct>
  </policy_published>
  <record>
    <row>
      <source_ip>138.201.116.81</source_ip>
      <count>2</count>
      <policy_evaluated>
        <disposition>none</disposition>
        <dkim>pass</dkim>
        <spf>pass</spf>
      </policy_evaluated>
    </row>
    <identifiers>
      <header_from>isnsc.com</header_from>
    </identifiers>
    <auth_results>
      <dkim>
        <domain>isnsc.com</domain>
        <result>pass</result>
        <selector>default</selector>
      </dkim>
      <spf>
        <domain>isnsc.com</domain>
        <result>pass</result>
      </spf>
    </auth_results>
  </record>
</feedback>
